Country, Age, Deaths, Population,Rate
US, <65, 756340, 282305227, 0.002679
US, 65+, 2152550, 48262955, 0.0446
US, overall, 2909000,330568182, 0.0088
China, <65, 2923480, 1297258493, 0.002254
China, 65+, 7517520, 133015479, 0.05652
China, Overall, 10441000,1430273973, 0.0073